sic,sic_code
6153,0
1389,1
3357,2
6798,3
3663,4
2836,5
3829,6
2834,7
3317,8
3674,9
7372,10
6794,11
7374,12
1311,13
3559,14
3760,15
3826,16
8200,17
3661,18
6500,19
3560,20
3990,21
8051,22
6519,23
7389,24
6199,25
6221,26
5900,27
3531,28
2821,29
4813,30
6022,31
1700,32
2890,33
3845,34
3440,35
2080,36
5140,37
2090,38
6331,39
2200,40
8700,41
7373,42
3510,43
3944,44
3728,45
3841,46
1040,47
2844,48
8742,49
7363,50
3695,51
6282,52
3910,53
3330,54
2330,55
3480,56
1382,57
3577,58
7900,59
7370,60
3576,61
5051,62
7359,63
3714,64
8731,65
5065,66
4841,67
5812,68
3669,69
6200,70
5030,71
6770,72
3751,73
3490,74
1000,75
0700,76
6531,77
3089,78
3690,79
2800,80
6211,81
5080,82
4911,83
4955,84
2511,85
7371,86
3825,87
0100,88
2835,89
3823,90
5912,91
7380,92
4832,93
5331,94
3060,95
3572,96
3620,97
4924,98
8071,99
6799,100
5130,101
1731,102
3540,103
3420,104
2833,105
5961,106
2040,107
7011,108
2070,109
5000,110
5990,111
3580,112
4953,113
5960,114
6399,115
3140,116
3600,117
8060,118
2030,119
2860,120
4923,121
2400,122
6035,123
7990,124
3530,125
6021,126
5731,127
8734,128
2510,129
3843,130
7310,131
3949,132
2911,133
2711,134
1520,135
3861,136
8090,137
6513,138
4899,139
6099,140
8093,141
7812,142
6159,143
5944,144
2721,145
4400,146
3822,147
1531,148
2810,149
3080,150
3312,151
2000,152
1221,153
3821,154
3460,155
3672,156
4931,157
4833,158
3570,159
3533,160
5945,161
3679,162
3590,163
3360,164
2050,165
6172,166
3086,167
4731,168
6512,169
6311,170
7830,171
4581,172
3730,173
5084,174
5940,175
3443,176
1600,177
2086,178
1381,179
3231,180
5810,181
6411,182
7841,183
1400,184
5171,185
3721,186
2390,187
5621,188
5122,189
6141,190
3651,191
6552,192
7350,193
3670,194
5172,195
9995,196
4950,197
7200,198
6351,199
3842,200
7361,201
8711,202
0200,203
3640,204
4812,205
2100,206
2020,207
2621,208
7311,209
5090,210
8082,211
2082,212
8300,213
4213,214
5200,215
2011,216
3430,217
3743,218
3621,219
3812,220
1090,221
3433,222
2111,223
5010,224
3711,225
5063,226
7819,227
1623,228
2670,229
6324,230
6162,231
5141,232
2870,233
5020,234
3081,235
4700,236
3569,237
2990,238
4900,239
5531,240
5064,241
3942,242
2320,243
8062,244
6036,245
4610,246
3571,247
5160,248
8741,249
3827,250
5600,251
2820,252
5050,253
3564,254
2430,255
2013,256
2650,257
3350,258
3630,259
3612,260
3790,261
5070,262
7997,263
6163,264
4941,265
5045,266
0900,267
2741,268
7381,269
5013,270
0800,271
3960,272
3290,273
3720,274
6510,275
7331,276
8011,277
4922,278
2300,279
2840,280
2060,281
3585,282
7822,283
5411,284
5700,285
3050,286
4412,287
4822,288
3555,289
3713,290
7600,291
1220,292
5094,293
4013,294
4210,295
3341,296
5400,297
4932,298
2750,299
2673,300
8050,301
7330,302
5180,303
7948,304
2340,305
7000,306
8000,307
7510,308
2092,309
5099,310
3634,311
3470,312
5661,313
3270,314
2732,315
2211,316
2273,317
3220,318
3541,319
6795,320
7340,321
7320,322
5190,323
5047,324
3452,325
3390,326
2842,327
4513,328
3310,329
3678,330
2520,331
2033,332
3578,333
3851,334
6361,335
2451,336
5651,337
5500,338
3677,339
2024,340
2531,341
3523,342
5735,343
3550,344
4991,345
4011,346
2891,347
8900,348
4512,349
2851,350
3448,351
5211,352
6532,353
2253,354
3724,355
2452,356
3824,357
3100,358
3021,359
3562,360
3241,361
5110,362
3652,363
3272,364
5072,365
3011,366
6321,367
6792,368
