action_id,cost_control,pricing_strategy,hiring_strategy,debt_strategy,investment_strategy,governance_profile,action_description,governance_penalty
0,-1,-1,-1,0,0,balanced,expand operating spending; reduce pricing; reduce hiring; maintain debt policy; maintain investment levels,0.0
1,-1,-1,-1,0,1,mixed_transition,expand operating spending; reduce pricing; reduce hiring; maintain debt policy; increase investment,0.0
2,-1,-1,-1,1,0,mixed_transition,expand operating spending; reduce pricing; reduce hiring; increase debt financing; maintain investment levels,0.15
3,-1,-1,-1,1,1,mixed_transition,expand operating spending; reduce pricing; reduce hiring; increase debt financing; increase investment,0.15
4,-1,-1,0,0,0,balanced,expand operating spending; reduce pricing; maintain workforce; maintain debt policy; maintain investment levels,0.0
5,-1,-1,0,0,1,balanced,expand operating spending; reduce pricing; maintain workforce; maintain debt policy; increase investment,0.0
6,-1,-1,0,1,0,balanced,expand operating spending; reduce pricing; maintain workforce; increase debt financing; maintain investment levels,0.15
7,-1,-1,0,1,1,balanced,expand operating spending; reduce pricing; maintain workforce; increase debt financing; increase investment,0.15
8,-1,-1,1,0,0,balanced,expand operating spending; reduce pricing; expand hiring; maintain debt policy; maintain investment levels,0.0
9,-1,-1,1,0,1,balanced,expand operating spending; reduce pricing; expand hiring; maintain debt policy; increase investment,0.0
10,-1,-1,1,1,0,balanced,expand operating spending; reduce pricing; expand hiring; increase debt financing; maintain investment levels,0.15
11,-1,-1,1,1,1,balanced,expand operating spending; reduce pricing; expand hiring; increase debt financing; increase investment,0.15
12,-1,0,-1,0,0,balanced,expand operating spending; maintain pricing; reduce hiring; maintain debt policy; maintain investment levels,0.0
13,-1,0,-1,0,1,mixed_transition,expand operating spending; maintain pricing; reduce hiring; maintain debt policy; increase investment,0.0
14,-1,0,-1,1,0,mixed_transition,expand operating spending; maintain pricing; reduce hiring; increase debt financing; maintain investment levels,0.15
15,-1,0,-1,1,1,mixed_transition,expand operating spending; maintain pricing; reduce hiring; increase debt financing; increase investment,0.15
16,-1,0,0,0,0,balanced,expand operating spending; maintain pricing; maintain workforce; maintain debt policy; maintain investment levels,0.0
17,-1,0,0,0,1,balanced,expand operating spending; maintain pricing; maintain workforce; maintain debt policy; increase investment,0.0
18,-1,0,0,1,0,balanced,expand operating spending; maintain pricing; maintain workforce; increase debt financing; maintain investment levels,0.15
19,-1,0,0,1,1,balanced,expand operating spending; maintain pricing; maintain workforce; increase debt financing; increase investment,0.15
20,-1,0,1,0,0,balanced,expand operating spending; maintain pricing; expand hiring; maintain debt policy; maintain investment levels,0.0
21,-1,0,1,0,1,balanced,expand operating spending; maintain pricing; expand hiring; maintain debt policy; increase investment,0.0
22,-1,0,1,1,0,balanced,expand operating spending; maintain pricing; expand hiring; increase debt financing; maintain investment levels,0.15
23,-1,0,1,1,1,balanced,expand operating spending; maintain pricing; expand hiring; increase debt financing; increase investment,0.15
24,-1,1,-1,0,0,mixed_transition,expand operating spending; raise pricing; reduce hiring; maintain debt policy; maintain investment levels,0.0
25,-1,1,-1,0,1,mixed_transition,expand operating spending; raise pricing; reduce hiring; maintain debt policy; increase investment,0.0
26,-1,1,-1,1,0,mixed_transition,expand operating spending; raise pricing; reduce hiring; increase debt financing; maintain investment levels,0.15
27,-1,1,-1,1,1,high_growth_risk,expand operating spending; raise pricing; reduce hiring; increase debt financing; increase investment,0.15
28,-1,1,0,0,0,balanced,expand operating spending; raise pricing; maintain workforce; maintain debt policy; maintain investment levels,0.0
29,-1,1,0,0,1,balanced,expand operating spending; raise pricing; maintain workforce; maintain debt policy; increase investment,0.0
30,-1,1,0,1,0,balanced,expand operating spending; raise pricing; maintain workforce; increase debt financing; maintain investment levels,0.15
31,-1,1,0,1,1,high_growth_risk,expand operating spending; raise pricing; maintain workforce; increase debt financing; increase investment,0.15
32,-1,1,1,0,0,balanced,expand operating spending; raise pricing; expand hiring; maintain debt policy; maintain investment levels,0.0
33,-1,1,1,0,1,balanced,expand operating spending; raise pricing; expand hiring; maintain debt policy; increase investment,0.2
34,-1,1,1,1,0,balanced,expand operating spending; raise pricing; expand hiring; increase debt financing; maintain investment levels,0.15
35,-1,1,1,1,1,high_growth_risk,expand operating spending; raise pricing; expand hiring; increase debt financing; increase investment,0.35
36,0,-1,-1,0,0,balanced,maintain cost structure; reduce pricing; reduce hiring; maintain debt policy; maintain investment levels,0.0
37,0,-1,-1,0,1,mixed_transition,maintain cost structure; reduce pricing; reduce hiring; maintain debt policy; increase investment,0.0
38,0,-1,-1,1,0,mixed_transition,maintain cost structure; reduce pricing; reduce hiring; increase debt financing; maintain investment levels,0.15
39,0,-1,-1,1,1,mixed_transition,maintain cost structure; reduce pricing; reduce hiring; increase debt financing; increase investment,0.15
40,0,-1,0,0,0,balanced,maintain cost structure; reduce pricing; maintain workforce; maintain debt policy; maintain investment levels,0.0
41,0,-1,0,0,1,balanced,maintain cost structure; reduce pricing; maintain workforce; maintain debt policy; increase investment,0.0
42,0,-1,0,1,0,balanced,maintain cost structure; reduce pricing; maintain workforce; increase debt financing; maintain investment levels,0.15
43,0,-1,0,1,1,balanced,maintain cost structure; reduce pricing; maintain workforce; increase debt financing; increase investment,0.15
44,0,-1,1,0,0,balanced,maintain cost structure; reduce pricing; expand hiring; maintain debt policy; maintain investment levels,0.0
45,0,-1,1,0,1,balanced,maintain cost structure; reduce pricing; expand hiring; maintain debt policy; increase investment,0.0
46,0,-1,1,1,0,balanced,maintain cost structure; reduce pricing; expand hiring; increase debt financing; maintain investment levels,0.15
47,0,-1,1,1,1,balanced,maintain cost structure; reduce pricing; expand hiring; increase debt financing; increase investment,0.15
48,0,0,-1,0,0,balanced,maintain cost structure; maintain pricing; reduce hiring; maintain debt policy; maintain investment levels,0.0
49,0,0,-1,0,1,mixed_transition,maintain cost structure; maintain pricing; reduce hiring; maintain debt policy; increase investment,0.0
50,0,0,-1,1,0,mixed_transition,maintain cost structure; maintain pricing; reduce hiring; increase debt financing; maintain investment levels,0.15
51,0,0,-1,1,1,mixed_transition,maintain cost structure; maintain pricing; reduce hiring; increase debt financing; increase investment,0.15
52,0,0,0,0,0,balanced,maintain cost structure; maintain pricing; maintain workforce; maintain debt policy; maintain investment levels,0.0
53,0,0,0,0,1,balanced,maintain cost structure; maintain pricing; maintain workforce; maintain debt policy; increase investment,0.0
54,0,0,0,1,0,balanced,maintain cost structure; maintain pricing; maintain workforce; increase debt financing; maintain investment levels,0.15
55,0,0,0,1,1,balanced,maintain cost structure; maintain pricing; maintain workforce; increase debt financing; increase investment,0.15
56,0,0,1,0,0,balanced,maintain cost structure; maintain pricing; expand hiring; maintain debt policy; maintain investment levels,0.0
57,0,0,1,0,1,balanced,maintain cost structure; maintain pricing; expand hiring; maintain debt policy; increase investment,0.0
58,0,0,1,1,0,balanced,maintain cost structure; maintain pricing; expand hiring; increase debt financing; maintain investment levels,0.15
59,0,0,1,1,1,balanced,maintain cost structure; maintain pricing; expand hiring; increase debt financing; increase investment,0.15
60,0,1,-1,0,0,mixed_transition,maintain cost structure; raise pricing; reduce hiring; maintain debt policy; maintain investment levels,0.0
61,0,1,-1,0,1,mixed_transition,maintain cost structure; raise pricing; reduce hiring; maintain debt policy; increase investment,0.0
62,0,1,-1,1,0,mixed_transition,maintain cost structure; raise pricing; reduce hiring; increase debt financing; maintain investment levels,0.15
63,0,1,-1,1,1,high_growth_risk,maintain cost structure; raise pricing; reduce hiring; increase debt financing; increase investment,0.15
64,0,1,0,0,0,balanced,maintain cost structure; raise pricing; maintain workforce; maintain debt policy; maintain investment levels,0.0
65,0,1,0,0,1,balanced,maintain cost structure; raise pricing; maintain workforce; maintain debt policy; increase investment,0.0
66,0,1,0,1,0,balanced,maintain cost structure; raise pricing; maintain workforce; increase debt financing; maintain investment levels,0.15
67,0,1,0,1,1,high_growth_risk,maintain cost structure; raise pricing; maintain workforce; increase debt financing; increase investment,0.15
68,0,1,1,0,0,balanced,maintain cost structure; raise pricing; expand hiring; maintain debt policy; maintain investment levels,0.0
69,0,1,1,0,1,balanced,maintain cost structure; raise pricing; expand hiring; maintain debt policy; increase investment,0.2
70,0,1,1,1,0,balanced,maintain cost structure; raise pricing; expand hiring; increase debt financing; maintain investment levels,0.15
71,0,1,1,1,1,high_growth_risk,maintain cost structure; raise pricing; expand hiring; increase debt financing; increase investment,0.35
72,1,-1,-1,0,0,high_contraction,increase cost controls; reduce pricing; reduce hiring; maintain debt policy; maintain investment levels,0.1
73,1,-1,-1,0,1,high_contraction,increase cost controls; reduce pricing; reduce hiring; maintain debt policy; increase investment,0.1
74,1,-1,-1,1,0,high_contraction,increase cost controls; reduce pricing; reduce hiring; increase debt financing; maintain investment levels,0.25
75,1,-1,-1,1,1,high_contraction,increase cost controls; reduce pricing; reduce hiring; increase debt financing; increase investment,0.25
76,1,-1,0,0,0,balanced,increase cost controls; reduce pricing; maintain workforce; maintain debt policy; maintain investment levels,0.0
77,1,-1,0,0,1,mixed_transition,increase cost controls; reduce pricing; maintain workforce; maintain debt policy; increase investment,0.0
78,1,-1,0,1,0,mixed_transition,increase cost controls; reduce pricing; maintain workforce; increase debt financing; maintain investment levels,0.15
79,1,-1,0,1,1,mixed_transition,increase cost controls; reduce pricing; maintain workforce; increase debt financing; increase investment,0.15
80,1,-1,1,0,0,balanced,increase cost controls; reduce pricing; expand hiring; maintain debt policy; maintain investment levels,0.0
81,1,-1,1,0,1,mixed_transition,increase cost controls; reduce pricing; expand hiring; maintain debt policy; increase investment,0.0
82,1,-1,1,1,0,mixed_transition,increase cost controls; reduce pricing; expand hiring; increase debt financing; maintain investment levels,0.15
83,1,-1,1,1,1,mixed_transition,increase cost controls; reduce pricing; expand hiring; increase debt financing; increase investment,0.15
84,1,0,-1,0,0,high_contraction,increase cost controls; maintain pricing; reduce hiring; maintain debt policy; maintain investment levels,0.1
85,1,0,-1,0,1,high_contraction,increase cost controls; maintain pricing; reduce hiring; maintain debt policy; increase investment,0.1
86,1,0,-1,1,0,high_contraction,increase cost controls; maintain pricing; reduce hiring; increase debt financing; maintain investment levels,0.25
87,1,0,-1,1,1,high_contraction,increase cost controls; maintain pricing; reduce hiring; increase debt financing; increase investment,0.25
88,1,0,0,0,0,balanced,increase cost controls; maintain pricing; maintain workforce; maintain debt policy; maintain investment levels,0.0
89,1,0,0,0,1,mixed_transition,increase cost controls; maintain pricing; maintain workforce; maintain debt policy; increase investment,0.0
90,1,0,0,1,0,mixed_transition,increase cost controls; maintain pricing; maintain workforce; increase debt financing; maintain investment levels,0.15
91,1,0,0,1,1,mixed_transition,increase cost controls; maintain pricing; maintain workforce; increase debt financing; increase investment,0.15
92,1,0,1,0,0,balanced,increase cost controls; maintain pricing; expand hiring; maintain debt policy; maintain investment levels,0.0
93,1,0,1,0,1,mixed_transition,increase cost controls; maintain pricing; expand hiring; maintain debt policy; increase investment,0.0
94,1,0,1,1,0,mixed_transition,increase cost controls; maintain pricing; expand hiring; increase debt financing; maintain investment levels,0.15
95,1,0,1,1,1,mixed_transition,increase cost controls; maintain pricing; expand hiring; increase debt financing; increase investment,0.15
96,1,1,-1,0,0,high_contraction,increase cost controls; raise pricing; reduce hiring; maintain debt policy; maintain investment levels,0.1
97,1,1,-1,0,1,high_contraction,increase cost controls; raise pricing; reduce hiring; maintain debt policy; increase investment,0.1
98,1,1,-1,1,0,high_contraction,increase cost controls; raise pricing; reduce hiring; increase debt financing; maintain investment levels,0.25
99,1,1,-1,1,1,high_growth_risk,increase cost controls; raise pricing; reduce hiring; increase debt financing; increase investment,0.25
100,1,1,0,0,0,mixed_transition,increase cost controls; raise pricing; maintain workforce; maintain debt policy; maintain investment levels,0.0
101,1,1,0,0,1,mixed_transition,increase cost controls; raise pricing; maintain workforce; maintain debt policy; increase investment,0.0
102,1,1,0,1,0,mixed_transition,increase cost controls; raise pricing; maintain workforce; increase debt financing; maintain investment levels,0.15
103,1,1,0,1,1,high_growth_risk,increase cost controls; raise pricing; maintain workforce; increase debt financing; increase investment,0.15
104,1,1,1,0,0,mixed_transition,increase cost controls; raise pricing; expand hiring; maintain debt policy; maintain investment levels,0.0
105,1,1,1,0,1,mixed_transition,increase cost controls; raise pricing; expand hiring; maintain debt policy; increase investment,0.2
106,1,1,1,1,0,mixed_transition,increase cost controls; raise pricing; expand hiring; increase debt financing; maintain investment levels,0.15
107,1,1,1,1,1,high_growth_risk,increase cost controls; raise pricing; expand hiring; increase debt financing; increase investment,0.35
